index,FName,LName,ERA,IP,BB,Hard Hits,FIP,SIERA,WHIP,WHHIP
1,Fernando,Abad,5.60,17.66,7,24,3.96,5.14,1.700,1.755
2,Cory,Abbott,6.75,17.33,11,25,8.94,5.89,1.790,2.077
3,Albert,Abreu,5.15,36.66,19,29,5.90,4.50,1.250,1.309
4,Bryan,Abreu,5.75,36,18,41,4.36,4.30,1.470,1.639
5,Domingo,Acevedo,3.27,11,4,11,6.17,4.36,1.180,1.364
6,Jason,Adam,5.91,10.66,6,8,3.36,2.90,1.500,1.313
7,Austin,Adams,4.10,52.66,35,26,3.89,3.88,1.200,1.158
8,Joan,Adon,3.38,5.33,3,6,4.48,2.99,1.690,1.689
9,Miguel,Aguilar,6.43,7,4,6,4.03,6.26,1.430,1.429
10,Keegan,Akin,6.63,95,40,130,5.10,4.92,1.580,1.789
11,R.J.,Alaniz,3.38,2.2,3,3,10.30,6.32,1.500,2.727
12,Andrew,Albers,7.58,19,9,31,9.64,5.64,1.740,2.105
13,Hanser,Alberto,0.00,0.33,0,0,3.17,13.47,0.000,0.000
14,Jorge,Alcala,3.92,59.66,13,56,4.06,3.23,0.970,1.157
15,Sandy,Alcantara,3.19,205.66,50,227,3.42,3.68,1.070,1.347
16,Sergio,Alcantara,0.00,0.33,0,0,3.17,13.47,0.000,0.000
17,Tyler,Alexander,3.81,106.33,28,130,4.39,4.47,1.260,1.486
18,Scott,Alexander,2.93,15.33,4,20,4.80,4.18,1.240,1.566
19,A.J.,Alexy,4.70,23,17,20,6.30,6.56,1.300,1.609
20,Kolby,Allard,5.41,124.66,31,154,5.37,4.41,1.280,1.484
21,Logan,Allen,6.26,50.33,17,73,6.05,4.86,1.490,1.788
22,Nick,Allgeyer,0.00,1,0,2,3.17,7.56,0.000,2.000
23,Yency,Almonte,7.55,47.66,29,47,5.73,4.78,1.590,1.595
24,Albert,Almora Jr.,27.00,1,1,3,22.17,8.39,2.000,4.000
25,Dan,Altavilla,6.75,1.33,0,1,9.92,3.42,0.750,0.752
26,Jose,Alvarado,4.20,55.2,47,55,4.80,4.84,1.600,1.848
27,Jose,Alvarez,2.37,64.66,19,67,3.15,4.42,1.110,1.330
28,Adbert,Alzolay,4.58,125.66,34,133,4.65,3.81,1.160,1.329
29,Chase,Anderson,6.75,48,20,56,5.86,5.28,1.480,1.583
30,Shaun,Anderson,8.49,23.33,12,40,5.57,5.10,2.060,2.229
31,Brett,Anderson,4.22,96,28,150,4.39,4.53,1.350,1.854
32,Tanner,Anderson,3.60,5,0,6,2.77,3.03,1.000,1.200
33,Drew,Anderson,3.27,22,6,28,3.90,5.55,1.180,1.545
34,Nick,Anderson,4.50,6,2,9,8.17,8.32,1.000,1.833
35,Ian,Anderson,3.58,128.33,53,138,4.12,4.38,1.230,1.488
36,Tyler,Anderson,4.53,167,38,175,4.37,4.57,1.250,1.275
37,Matt,Andriese,5.21,48.33,13,70,4.04,3.66,1.610,1.717
38,Tejay,Antone,2.14,33.66,13,26,3.26,3.10,0.890,1.159
39,Jonathan,Arauz,9.00,1,0,1,3.17,9.40,2.000,1.000
40,Chris,Archer,4.66,19.33,8,27,4.26,4.36,1.340,1.811
41,Kohei,Arihara,6.64,40.66,13,66,6.76,5.39,1.430,1.943
42,Shawn,Armstrong,6.75,36,15,46,5.75,3.75,1.500,1.694
43,Jake,Arrieta,7.39,98.66,44,149,6.17,5.00,1.770,1.956
44,Christian,Arroyo,0.00,1,1,2,19.17,10.33,2.000,3.000
45,Aaron,Ashby,4.55,31.66,12,28,3.58,3.18,1.170,1.263
46,Willians,Astudillo,2.25,4,2,3,7.92,6.99,0.750,1.250
47,Pedro,Avila,2.25,4,3,5,6.17,5.02,1.750,2.000
48,Luis,Avilan,12.60,5,3,8,6.57,5.36,2.000,2.200
49,John,Axford,54.00,0.33,1,2,21.17,8.99,9.000,9.091
50,Pedro,Baez,2.08,4.33,1,5,4.55,2.69,0.690,1.386
51,Bryan,Baker,0.00,1,0,0,1.17,4.68,1.000,0.000
52,Alberto,Baldonado,8.44,10.66,7,8,6.55,4.73,1.590,1.407
53,Anthony,Banda,4.28,33.66,13,39,4.92,4.27,1.540,1.545
54,Caleb,Baragar,1.57,23,12,26,4.30,5.80,1.350,1.652
55,Daniel,Bard,5.21,65.66,36,72,4.28,4.00,1.600,1.645
56,Joe,Barlow,1.55,29,12,26,3.45,4.18,0.830,1.310
57,Scott,Barlow,2.42,74.33,28,67,2.63,3.33,1.200,1.278
58,Matt,Barnes,3.79,54.66,20,48,3.21,2.54,1.120,1.244
59,Jacob,Barnes,6.28,28.66,11,33,5.30,3.67,1.470,1.535
60,Charlie,Barnes,5.92,38,16,54,5.06,5.93,1.630,1.842
61,Kyle,Barraclough,5.54,13,8,9,6.71,3.94,1.540,1.308
62,Manny,Barreda,13.50,2.66,2,5,13.67,7.18,2.250,2.632
63,Jaime,Barria,4.61,56.66,19,81,4.88,5.21,1.570,1.765
64,Anthony,Bass,3.82,61.33,24,70,4.93,4.12,1.290,1.533
65,Chris,Bassitt,3.15,157.33,39,140,3.34,3.86,1.060,1.138
66,Trevor,Bauer,2.59,107.66,37,108,4.03,3.48,1.000,1.347
67,Mike,Baumann,9.90,10,6,23,6.87,6.20,1.900,2.900
68,Shane,Baz,2.03,13.33,3,9,4.07,2.68,0.680,0.900
69,Eduard,Bazardo,0.00,3,2,2,3.17,5.29,1.000,1.333
70,Jeremy,Beasley,7.71,9.33,9,11,8.10,5.40,1.710,2.144
71,David,Bednar,2.23,60.2,19,44,2.69,2.92,0.970,1.047
72,Cam,Bedrosian,5.04,25,17,32,6.49,5.27,1.760,1.960
73,Tyler,Beede,27.00,1,0,2,2.17,2.09,2.000,2.000
74,Andrew,Bellatti,13.50,3.33,2,4,2.57,4.49,2.400,1.802
75,Anthony,Bemboom,18.00,1,0,6,16.17,6.25,3.000,6.000
76,Anthony,Bender,2.79,61.33,20,51,3.19,3.18,1.060,1.158
77,Wes,Benjamin,8.74,22.66,17,27,7.18,5.96,2.030,1.942
78,Travis,Bergen,1.69,10.2,8,9,6.08,6.79,1.220,1.667
79,Jose,Berrios,3.52,192,45,198,3.47,3.65,1.060,1.266
80,Dellin,Betances,9.00,1,1,0,7.17,5.16,1.000,1.000
81,Alec,Bettinger,13.50,10,3,14,7.27,5.43,2.100,1.700
82,Joe,Biagini,0.00,3,1,1,3.84,5.37,1.000,0.667
83,Phil,Bickford,2.81,51.33,19,50,3.93,3.42,1.070,1.344
84,Jesse,Biddle,8.44,10.66,8,9,5.14,4.97,1.690,1.595
85,Shane,Bieber,3.17,96.66,33,101,3.03,3.21,1.210,1.386
86,Brandon,Bielak,4.50,50,21,51,4.07,4.32,1.380,1.440
87,Paul,Blackburn,5.87,38.33,10,70,5.47,4.71,1.620,2.087
88,Alex,Blandino,9.82,3.66,4,4,9.44,8.84,2.180,2.186
89,Richard,Bleier,2.95,58,6,66,3.01,2.65,0.980,1.241
90,Scott,Blewett,1.80,5,5,7,4.57,6.96,1.600,2.400
91,Ronald,Bolanos,1.42,6.33,2,2,0.96,2.23,0.950,0.632
92,Ryan,Borucki,4.94,23.2,11,24,5.66,4.16,1.230,1.509
93,Akeem,Bostick,0.00,1,1,1,6.17,11.80,1.000,2.000
94,Ben,Bowden,6.56,35.66,21,41,4.85,4.56,1.820,1.739
95,Brad,Boxberger,3.34,64.66,25,53,3.65,3.23,1.070,1.206
96,Matthew,Boyd,3.89,78.66,23,86,4.10,4.56,1.270,1.386
97,Brad,Brach,6.30,30,18,31,5.04,4.50,1.600,1.633
98,Archie,Bradley,3.71,51,22,62,4.35,4.41,1.430,1.647
99,Ryan,Brasier,1.50,12,4,13,4.84,4.15,1.330,1.417
100,Steven,Brault,5.86,27.66,12,42,4.62,5.42,1.630,1.952
101,John,Brebbia,5.89,18.33,4,21,4.59,3.47,1.580,1.364
102,Brandon,Brennan,0.00,3,2,3,4.50,6.91,1.670,1.667
103,Jake,Brentz,3.66,64,37,61,4.23,4.09,1.280,1.531
104,Colten,Brewer,36.00,1,3,3,10.17,9.11,7.000,6.000
105,Austin,Brice,6.59,13.66,7,21,5.73,4.83,1.540,2.050
106,Zack,Britton,5.89,18.33,14,15,5.46,5.08,1.690,1.582
107,Connor,Brogdon,3.43,57.66,18,51,3.78,4.06,1.130,1.197
108,Rex,Brothers,5.26,53,35,53,4.87,3.90,1.430,1.660
109,JT,Brubaker,5.36,124.33,38,140,5.16,4.04,1.290,1.432
110,Justin,Bruihl,2.89,18.66,7,16,3.97,4.99,1.070,1.233
111,Kris,Bubic,4.43,130,59,149,5.14,4.73,1.380,1.600
112,Ryan,Buchter,6.61,16.33,13,22,7.95,5.73,1.780,2.143
113,Walker,Buehler,2.47,207.66,52,201,3.16,3.73,0.970,1.218
114,J.B.,Bukauskas,7.79,17.33,7,23,5.77,4.49,1.790,1.731
115,Madison,Bumgarner,4.67,146.33,39,168,4.63,4.57,1.180,1.415
116,Aaron,Bummer,3.51,56.33,29,56,2.96,2.91,1.260,1.509
117,Dylan,Bundy,6.06,90.66,34,105,5.51,4.56,1.360,1.533
118,Zack,Burdi,5.40,10,5,16,7.77,5.56,1.800,2.100
119,Corbin,Burnes,2.43,167,34,117,1.63,2.61,0.940,0.904
120,Andy,Burns,18.00,1,0,3,14.17,3.92,3.000,3.000
121,Ryan,Burr,2.45,36.66,21,46,4.23,4.61,1.340,1.828
122,Beau,Burrows,13.91,11,10,17,10.35,7.36,2.360,2.455
123,Matt,Bush,6.75,4,1,4,11.17,3.58,1.250,1.250
124,Genesis,Cabrera,3.73,70,36,62,3.28,4.12,1.260,1.400
125,Asdrubal,Cabrera,0.00,1.33,0,2,3.17,6.25,0.750,1.504
126,Edward,Cabrera,5.81,26.33,19,33,6.63,5.31,1.630,1.975
127,Trevor,Cahill,6.57,37,14,48,4.06,4.41,1.510,1.676
128,Daniel,Camarena,9.64,9.33,3,20,5.42,4.70,2.040,2.465
129,Paul,Campbell,6.41,26.66,10,29,5.01,4.22,1.580,1.463
130,Griffin,Canning,5.60,62.66,28,73,5.48,4.66,1.480,1.612
131,Drew,Carlton,4.91,3.66,4,6,9.44,8.98,2.730,2.732
132,Matt,Carpenter,0.00,1.33,0,0,5.42,8.63,1.500,0.000
133,Carlos,Carrasco,6.04,53.66,18,65,5.22,4.44,1.430,1.547
134,Daniel,Castano,4.87,20.33,8,26,5.14,5.40,1.480,1.672
135,Ryan,Castellani,5.40,3.33,4,5,10.37,8.21,2.700,2.703
136,Humberto,Castellanos,4.93,45.66,15,49,5.01,5.17,1.380,1.402
137,Diego,Castillo,2.78,58.33,17,52,3.74,2.82,0.980,1.183
138,Luis,Castillo,3.98,187.66,75,194,3.75,4.03,1.360,1.433
139,Harold,Castro,0.00,2.66,3,2,6.55,10.84,1.130,1.880
140,Miguel,Castro,3.45,70.33,43,60,4.36,4.39,1.290,1.465
141,Kervin,Castro,0.00,13.33,4,11,2.12,3.84,1.280,1.125
142,Anthony,Castro,4.74,24.2,8,31,4.02,3.12,1.260,1.612
143,Dylan,Cease,3.91,165.66,68,156,3.41,3.57,1.250,1.352
144,Luis,Cessa,2.51,64.66,19,66,3.39,3.86,1.140,1.315
145,Jhoulys,Chacin,4.34,64.33,28,68,4.63,4.80,1.260,1.492
146,Andrew,Chafin,1.83,68.66,19,58,2.98,3.68,0.930,1.121
147,Aroldis,Chapman,3.36,56.33,38,42,3.99,3.24,1.310,1.420
148,JT,Chargois,2.52,53.66,20,50,3.86,3.88,1.080,1.305
149,Tyler,Chatwood,5.63,32,21,36,3.95,4.26,1.470,1.781
150,Jesse,Chavez,2.14,33.66,11,36,2.01,3.58,1.010,1.396
151,Chi,Chi Gonzalez,6.46,101.66,28,161,5.37,5.29,1.520,1.859
152,Adam,Cimber,2.26,71.66,16,81,3.07,3.92,1.070,1.354
153,Steve,Cishek,3.42,68.33,41,63,3.74,4.79,1.490,1.522
154,Jose,Cisnero,3.65,61.66,31,54,4.13,4.30,1.330,1.379
155,Aaron,Civale,3.84,124.33,31,143,4.83,4.41,1.120,1.400
156,Taylor,Clarke,4.98,43.33,14,61,3.54,4.21,1.520,1.731
157,Emmanuel,Clase,1.29,69.66,16,55,2.11,2.52,0.960,1.019
158,Alex,Claudio,5.51,32.66,15,41,5.10,4.17,1.590,1.715
159,Sam,Clay,5.60,45,22,62,4.61,4.42,1.710,1.867
160,Garrett,Cleavinger,3.00,18,12,23,5.89,4.51,1.780,1.944
161,Tyler,Clippard,3.20,25.33,11,29,4.71,5.01,1.300,1.579
162,Alex,Cobb,3.76,93.33,33,97,2.92,3.83,1.260,1.393
163,Kyle,Cody,7.94,11.33,2,17,5.46,3.12,1.590,1.677
164,Gerrit,Cole,3.23,181.33,41,170,2.92,2.93,1.060,1.164
165,A.J.,Cole,1.13,8,1,9,3.42,3.90,0.880,1.250
166,Dylan,Coleman,1.42,6.33,1,5,1.43,3.29,0.950,0.948
167,Alex,Colome,4.15,65,23,85,4.23,3.98,1.400,1.662
168,Adam,Conley,2.29,19.66,6,16,4.09,4.02,1.020,1.119
169,Roansy,Contreras,0.00,3,1,4,1.50,3.19,1.330,1.667
170,Sam,Coonrod,4.04,42.33,15,44,3.71,3.34,1.320,1.394
171,Patrick,Corbin,5.82,171.66,60,222,5.41,4.61,1.470,1.643
172,Nestor,Cortes,2.90,93,25,88,3.78,3.78,1.080,1.215
173,Jharel,Cotton,3.52,30.66,15,20,3.72,4.69,1.400,1.142
174,Danny,Coulombe,3.67,34.33,7,39,3.75,3.50,1.220,1.340
175,Jake,Cousins,2.70,30,19,24,3.84,3.60,1.170,1.433
176,Kutter,Crawford,22.50,2,2,3,10.67,6.99,3.500,2.500
177,Stefan,Crichton,7.33,23.1,12,37,5.44,5.21,1.930,2.121
178,Kyle,Crick,4.44,24.33,19,14,4.40,5.75,1.360,1.356
179,Nabil,Crismatt,3.76,81.33,24,85,4.20,3.94,1.360,1.340
180,Cooper,Criswell,20.25,1.33,0,7,3.17,4.17,4.500,5.263
181,Garrett,Crochet,2.82,54.33,27,53,2.80,3.82,1.270,1.472
182,Jake,Cronenworth,0.00,0.66,0,1,0.17,2.09,1.500,1.515
183,Hans,Crouse,5.14,7,7,5,9.31,9.39,1.570,1.714
184,Wil,Crowe,5.48,116.66,57,130,5.67,4.86,1.570,1.603
185,Johnny,Cueto,4.08,114.66,30,136,4.05,4.43,1.370,1.448
186,Charlie,Culberson,0.00,2,0,1,3.17,6.25,1.000,0.500
187,John,Curtiss,3.45,44.33,12,57,3.82,3.69,1.220,1.557
188,Yu,Darvish,4.22,166.33,44,151,3.90,3.49,1.090,1.172
189,Tucker,Davidson,3.60,20,8,23,4.52,4.64,1.150,1.550
190,Zach,Davies,5.78,148,75,203,5.45,5.36,1.600,1.878
191,Wade,Davis,6.75,42.66,19,61,5.30,4.62,1.480,1.875
192,Austin,Davis,5.13,26.33,12,27,4.50,4.07,1.370,1.481
193,Grant,Dayton,6.23,13,6,16,4.40,4.32,1.620,1.692
194,Brett,De Geus,7.56,50,25,62,5.07,4.60,1.740,1.740
195,Chase,De Jong,5.77,43.66,19,64,6.03,5.06,1.560,1.901
196,Jose,De Leon,8.35,18.33,11,20,4.53,3.25,1.800,1.691
197,Enyel,De Los Santos,6.37,35.33,18,42,5.26,3.71,1.730,1.698
198,Jacob,DeGrom,1.08,92,11,61,1.24,1.74,0.550,0.783
199,Anthony,DeSclafani,3.17,167.66,42,185,3.62,4.11,1.090,1.354
200,Miguel,Del Pozo,3.38,5.33,2,5,2.80,4.92,1.880,1.313
201,Reid,Detmers,7.40,20.66,11,23,6.36,5.27,1.790,1.646
202,Ross,Detwiler,4.64,52.33,20,52,4.89,3.63,1.220,1.376
203,Chris,Devenski,8.59,7.33,2,10,6.58,4.80,1.770,1.637
204,Jhonathan,Diaz,4.15,13,7,14,4.63,5.53,1.380,1.615
205,Miguel,Diaz,3.64,42,19,47,4.81,3.91,1.190,1.571
206,Edwin,Diaz,3.45,62.66,23,36,2.48,2.84,1.050,0.942
207,Yennsy,Diaz,5.40,25,12,30,5.65,4.96,1.480,1.680
208,Brandon,Dickson,13.50,2,0,5,8.67,4.24,2.500,2.500
209,Jake,Diekman,3.86,60.2,34,56,4.46,3.65,1.340,1.495
210,Wilmer,Difo,36.00,2,3,7,13.17,7.87,6.000,5.000
211,Marcos,Diplan,4.50,30,15,33,5.67,4.93,1.230,1.600
212,Randy,Dobnak,7.64,50.66,12,103,5.70,4.53,1.540,2.270
213,Kyle,Dohy,0.00,1,1,1,4.17,5.82,2.000,2.000
214,Rafael,Dolis,5.63,32,27,28,4.36,5.01,1.750,1.719
215,Seranthony,Dominguez,0.00,1,0,2,1.17,2.09,0.000,2.000
216,Sean,Doolittle,4.53,49.66,23,61,4.38,4.52,1.470,1.692
217,Camilo,Doval,3.00,27,9,21,3.47,2.75,1.040,1.111
218,Brandon,Drury,27.00,0.66,1,3,31.67,8.34,6.000,6.061
219,Tyler,Duffey,3.18,62.33,28,74,3.49,4.13,1.220,1.636
220,Matt,Duffy,0.00,0.33,0,0,3.17,-0.97,0.000,0.000
221,Danny,Duffy,2.51,61,22,67,3.40,4.14,1.210,1.459
222,Robert,Dugger,7.36,25.66,12,36,5.23,5.24,1.790,1.871
223,Justin,Dunn,3.75,50.33,29,51,4.74,5.18,1.310,1.590
224,Dane,Dunning,4.51,117.66,43,151,3.94,4.12,1.440,1.649
225,Jon,Duplantier,13.15,13,8,19,8.63,5.30,2.080,2.077
226,Adam,Eaton,0.00,1,0,1,3.17,5.59,2.000,1.000
227,Carl,Edwards Jr.,11.12,5.66,3,11,9.52,4.72,2.470,2.473
228,Scott,Effross,3.68,14.66,1,13,3.31,2.38,0.950,0.955
229,Zach,Eflin,4.17,105.66,16,126,3.68,3.81,1.250,1.344
230,Jerad,Eickhoff,8.69,19.66,10,37,9.78,5.97,2.030,2.391
231,Seth,Elledge,4.63,11.66,7,13,4.46,4.90,1.710,1.715
232,Chris,Ellis,2.15,29.33,14,43,4.57,5.35,1.190,1.943
233,Kent,Emanuel,2.55,17.66,4,12,5.49,3.98,0.910,0.906
234,Dietrich,Enns,2.82,22.33,6,19,2.32,3.39,1.030,1.120
235,Nathan,Eovaldi,3.75,182.33,35,191,2.79,3.60,1.190,1.240
236,Thomas,Eshelman,7.16,27.66,10,35,6.39,6.19,1.590,1.627
237,Raynel,Espinal,9.00,2,1,1,4.67,7.43,1.500,1.000
238,Paolo,Espino,4.27,109.66,25,146,4.46,4.34,1.210,1.559
239,Carlos,Estevez,4.38,61.66,21,73,4.03,3.95,1.490,1.524
240,Phillip,Evans,0.00,1,0,1,3.17,9.97,0.000,1.000
241,Demarcus,Evans,5.13,26.33,16,20,4.58,4.44,1.520,1.367
242,Pete,Fairbanks,3.59,42.66,21,35,2.70,3.58,1.430,1.313
243,Bailey,Falter,5.61,33.66,6,36,3.79,3.44,1.190,1.248
244,Jeurys,Familia,3.94,59.33,27,63,4.40,3.56,1.420,1.517
245,Jake,Faria,5.51,32.66,13,43,4.58,4.42,1.590,1.715
246,Buck,Farmer,6.37,35.33,21,48,6.59,4.67,1.730,1.953
247,Luke,Farrell,4.74,24.66,13,32,4.83,4.50,1.660,1.825
248,Erick,Fedde,5.47,133.33,48,164,4.66,4.30,1.440,1.590
249,Neftali,Feliz,9.00,4,1,4,6.42,4.52,1.500,1.250
250,Michael,Feliz,7.20,20,7,29,4.62,3.95,1.650,1.800
251,Ryan,Feltner,11.37,6.33,5,7,10.28,6.52,2.210,1.896
252,Julian,Fernandez,10.80,6.66,4,10,7.67,6.07,1.950,2.102
253,Junior,Fernandez,5.66,20.66,15,24,5.15,5.67,1.940,1.888
254,J.P.,Feyereisen,2.73,56,33,59,4.21,4.85,1.230,1.643
255,Mike,Fiers,7.71,9.33,4,18,8.96,5.92,2.040,2.358
256,Kyle,Finnegan,3.55,66,34,73,4.52,4.30,1.480,1.621
257,Jay,Flaa,13.50,2.66,3,3,14.05,6.41,2.250,2.256
258,Jack,Flaherty,3.22,78.33,26,85,4.22,3.92,1.060,1.417
259,Josh,Fleming,5.09,104.33,31,122,4.27,4.51,1.350,1.467
260,Aaron,Fletcher,12.27,3.66,1,9,6.44,4.76,2.180,2.732
261,Chris,Flexen,3.61,179.66,40,217,3.89,4.70,1.250,1.430
262,Bernardo,Flores Jr.,9.00,0,2,1,9.17,NaN,3.000,Infinity
263,Dylan,Floro,2.81,64,25,59,2.81,3.93,1.220,1.312
264,Jason,Foley,2.61,10.33,5,17,5.59,5.14,1.260,2.130
265,Mike,Foltynewicz,5.44,139,36,189,6.02,4.90,1.260,1.619
266,Matt,Foster,6.00,39,13,53,5.27,4.10,1.440,1.692
267,Seth,Frankoff,9.20,14.66,9,19,7.47,5.74,1.980,1.910
268,Kyle,Freeland,4.33,120.66,38,130,4.63,4.44,1.420,1.392
269,Mike,Freeman,0.00,0.33,0,0,-2.83,-0.12,0.000,0.000
270,Luis,Frias,2.70,3.1,5,4,5.87,8.58,2.100,2.903
271,Max,Fried,3.04,165.66,41,158,3.31,3.76,1.090,1.201
272,Jace,Fry,10.80,6.66,6,7,7.37,6.29,2.400,1.952
273,Paul,Fry,6.08,47.33,35,39,3.93,4.46,1.520,1.563
274,Joshua,Fuentes,0.00,1,0,3,3.17,6.25,1.000,3.000
275,Michael,Fulmer,2.97,69.66,20,70,3.46,3.60,1.280,1.292
276,Carson,Fulmer,6.66,25.66,13,33,4.69,4.52,1.520,1.793
277,Kyle,Funkhouser,3.42,68.33,38,71,4.27,4.60,1.400,1.595
278,Giovanny,Gallegos,3.02,80.33,20,73,2.75,3.01,0.880,1.158
279,Zac,Gallen,4.30,121.33,49,140,4.25,4.04,1.290,1.558
280,John,Gant,4.09,110,71,125,4.78,5.49,1.510,1.782
281,Jarlin,Garcia,2.62,68.66,18,73,3.77,3.52,0.960,1.325
282,Rony,Garcia,2.45,3.66,2,5,7.26,6.43,0.820,1.913
283,Luis,Garcia,3.24,33.33,8,42,2.72,3.36,0.990,1.500
284,Bryan,Garcia,7.55,39.33,25,65,6.91,5.43,1.860,2.288
285,Yimi,Garcia,4.21,57.66,18,59,3.88,3.61,1.160,1.335
286,Deivi,Garcia,6.48,8.33,4,8,4.85,5.65,1.440,1.441
287,Edgar,Garcia,12.27,14.66,8,16,7.81,4.92,1.840,1.637
288,Luis,Garcia,3.48,155.33,50,160,3.63,3.91,1.180,1.352
289,Robel,Garcia,36.00,1,0,2,29.17,7.80,5.000,2.000
290,Braxton,Garrett,5.03,34,20,41,4.38,5.15,1.820,1.794
291,Amir,Garrett,6.04,47.66,29,58,4.89,3.99,1.570,1.825
292,Justin,Garza,4.71,28.66,18,42,5.30,4.79,1.570,2.094
293,Ralph,Garza,3.56,30.33,14,33,4.88,4.36,1.250,1.550
294,Kevin,Gausman,2.81,192,50,202,3.00,3.42,1.040,1.312
295,Domingo,German,4.58,98.33,27,107,4.31,4.03,1.180,1.363
296,Ian,Gibaut,2.70,6.66,2,14,7.22,4.74,1.350,2.402
297,Kyle,Gibson,3.71,182,64,206,3.87,4.40,1.220,1.484
298,Luis,Gil,3.07,29.33,19,28,4.40,4.55,1.330,1.602
299,Logan,Gilbert,4.68,119.33,28,152,3.73,3.87,1.170,1.508
300,Tyler,Gilbert,3.15,40,13,40,4.27,5.21,1.030,1.325
301,Lucas,Gilbreath,3.38,42.66,23,27,4.32,4.40,1.310,1.172
302,Kevin,Ginkel,6.35,28.33,14,29,5.89,4.17,1.550,1.518
303,Lucas,Giolito,3.53,178.66,52,159,3.79,3.72,1.100,1.181
304,Mychal,Givens,3.35,51,27,36,4.54,4.29,1.370,1.235
305,Tyler,Glasnow,2.66,88,27,89,2.77,2.92,0.930,1.318
306,Zack,Godley,16.20,3.33,5,5,13.37,6.76,2.700,3.003
307,Austin,Gomber,4.53,115.33,41,111,4.61,4.29,1.240,1.318
308,Stephen,Gonsalves,4.15,4.33,2,3,3.40,4.37,0.920,1.155
309,Tony,Gonsolin,3.23,55.66,34,49,4.54,4.65,1.350,1.491
310,Marco,Gonzales,3.96,143.33,42,159,5.28,4.94,1.170,1.402
311,Romy,Gonzalez,0.00,0.33,0,0,-2.83,-0.12,0.000,0.000
312,Victor,Gonzalez,3.57,35.33,19,26,4.27,4.32,1.440,1.274
313,Marwin,Gonzalez,0.00,1,0,1,3.17,4.94,0.000,1.000
314,Anthony,Gose,1.35,6.66,2,1,1.37,2.35,0.600,0.450
315,Ashton,Goudeau,4.19,34.33,17,32,5.06,5.20,1.190,1.427
316,Brusdar,Graterol,4.59,33.33,13,34,3.95,4.01,1.410,1.410
317,Kendall,Graveman,1.77,56,20,47,3.19,3.30,0.980,1.196
318,Josiah,Gray,5.48,70.66,33,71,6.00,4.60,1.360,1.472
319,Sonny,Gray,4.19,135.33,50,116,3.99,3.85,1.220,1.227
320,Jon,Gray,4.59,149,58,159,4.22,4.17,1.330,1.456
321,Chad,Green,3.12,83.66,17,86,3.59,2.95,0.880,1.231
322,Conner,Greene,7.11,25.33,12,27,3.41,4.39,1.740,1.540
323,Shane,Greene,7.23,23.66,14,29,6.72,4.78,1.650,1.817
324,Zack,Greinke,4.16,171,36,191,4.71,4.54,1.170,1.327
325,Robert,Gsellman,3.77,28.66,7,29,4.29,4.45,1.190,1.256
326,Reymin,Guduan,6.28,14.33,5,21,4.43,5.85,1.670,1.814
327,Sean,Guenther,9.30,20.33,10,29,4.10,5.01,2.020,1.918
328,Javy,Guerra,16.50,6,3,13,11.34,5.55,2.500,2.667
329,Javy,Guerra,4.91,3.66,2,7,3.17,5.05,1.640,2.459
330,Junior,Guerra,6.06,65.33,46,70,4.75,5.18,1.730,1.776
331,Deolis,Guerra,4.11,65.66,20,62,3.96,4.01,1.110,1.249
332,Luis,Guillorme,18.00,1,1,2,6.17,8.34,4.000,3.000
333,Preston,Guilmet,4.50,2,0,2,8.67,4.54,1.000,1.000
334,Jandel,Gustave,3.44,18.33,5,21,4.64,4.35,1.090,1.418
335,Vladimir,Gutierrez,4.74,114,46,135,5.22,5.08,1.410,1.588
336,Jorge,Guzman,32.40,1.66,6,4,10.37,10.69,6.000,6.024
337,Josh,Hader,1.23,58.66,24,29,1.69,2.09,0.840,0.904
338,Jesse,Hahn,13.50,3.1,4,8,13.67,6.72,2.700,3.871
339,David,Hale,6.41,26.66,9,37,5.16,4.47,1.460,1.725
340,J.D.,Hammer,4.95,20,11,30,4.87,4.33,1.600,2.050
341,Brad,Hand,3.90,64.66,26,68,4.58,4.23,1.270,1.454
342,Eric,Hanhold,6.97,10.33,3,18,5.69,5.07,1.550,2.033
343,J.A.,Happ,5.79,152.33,48,208,5.13,4.89,1.480,1.681
344,Blaine,Hardy,18.00,1,1,0,4.17,5.66,4.000,1.000
345,Ryne,Harper,4.04,35.66,14,29,4.96,4.35,1.180,1.206
346,Will,Harris,9.00,6,3,9,3.84,3.41,1.670,2.000
347,Geoff,Hartlieb,11.00,9,11,9,5.84,6.68,2.330,2.222
348,Ryan,Hartman,3.86,2.33,0,3,7.03,3.96,1.290,1.288
349,Matt,Harvey,6.27,127.66,37,182,4.60,4.85,1.540,1.715
350,Hunter,Harvey,4.15,8.66,3,11,4.32,4.52,1.270,1.617
351,Thomas,Hatch,6.75,9.33,6,15,6.49,5.64,1.820,2.251
352,Louis,Head,2.31,35,9,25,3.11,4.03,0.860,0.971
353,Andrew,Heaney,5.83,129.66,41,141,4.85,3.84,1.320,1.404
354,Taylor,Hearn,4.66,104.33,42,116,4.82,4.58,1.320,1.514
355,Jon,Heasley,4.91,14.66,3,27,6.03,5.51,1.230,2.046
356,Ryan,Helsley,4.56,47.33,27,57,3.99,4.58,1.420,1.775
357,Heath,Hembree,5.59,58,24,55,4.34,3.11,1.190,1.362
358,Kyle,Hendricks,4.77,181,44,197,4.89,4.70,1.350,1.331
359,Liam,Hendriks,2.54,71,7,57,2.34,1.57,0.730,0.901
360,Ryan,Hendrix,5.97,31.66,16,40,5.85,4.15,1.550,1.769
361,Sam,Hentges,6.68,68.66,32,92,4.48,4.53,1.780,1.806
362,Jimmy,Herget,5.30,18.66,4,16,2.85,3.22,1.290,1.072
363,Darwinzon,Hernandez,3.38,40,31,35,4.80,4.43,1.500,1.650
364,Carlos,Hernandez,3.68,85.66,41,93,4.08,4.91,1.280,1.564
365,Elieser,Hernandez,4.18,51.66,14,61,5.38,4.07,1.320,1.452
366,David,Hess,9.90,20,11,36,9.67,5.36,2.150,2.350
367,Codi,Heuer,4.28,67.33,23,73,3.97,4.26,1.310,1.426
368,Jordan,Hicks,5.40,10,10,3,4.17,5.80,1.500,1.300
369,Trevor,Hildenberger,15.43,2.33,3,2,10.46,5.41,2.570,2.146
370,Rich,Hill,3.86,158.66,55,153,4.34,4.43,1.210,1.311
371,Tim,Hill,3.62,59.66,23,66,4.71,3.80,1.240,1.492
372,Jeff,Hoffman,4.56,73,45,82,5.20,4.82,1.580,1.740
373,Bryan,Holaday,9.00,1,1,2,22.17,9.46,2.000,3.000
374,Derek,Holland,5.07,49.66,20,65,3.96,4.00,1.570,1.712
375,Greg,Holland,4.85,55.66,26,67,4.82,4.40,1.350,1.671
376,Jordan,Holloway,4.00,36,26,30,4.42,5.26,1.360,1.556
377,Clay,Holmes,3.60,70,29,63,3.28,3.13,1.170,1.314
378,Brock,Holt,0.00,1,0,2,3.17,6.25,1.000,2.000
379,Brent,Honeywell,8.31,4.33,3,8,9.40,5.48,1.850,2.540
380,Tanner,Houck,3.52,69,21,60,2.58,3.28,1.130,1.174
381,Adrian,Houser,3.22,142.1,64,150,4.33,4.73,1.280,1.506
382,Spencer,Howard,7.43,49.66,27,52,4.72,4.80,1.610,1.591
383,Sam,Howard,5.60,45,32,32,4.86,4.26,1.470,1.422
384,James,Hoyt,6.75,8,7,8,3.80,4.84,2.380,1.875
385,Daniel,Hudson,3.31,51.66,16,52,3.21,2.65,1.080,1.316
386,Dakota,Hudson,2.08,8.66,1,4,2.48,3.47,0.920,0.577
387,Tommy,Hunter,0.00,8,3,4,3.17,4.56,0.880,0.875
388,Drew,Hutchison,2.11,21.33,11,31,4.39,5.98,1.450,1.969
389,Raisel,Iglesias,2.57,70,12,53,2.83,2.06,0.930,0.929
390,Cole,Irvin,4.24,178.33,42,232,4.30,4.85,1.330,1.536
391,Tyler,Ivey,7.71,4.66,1,9,5.31,5.23,1.500,2.146
392,Luke,Jackson,1.98,63.66,29,64,3.66,3.75,1.160,1.461
393,Andre,Jackson,2.31,11.66,6,9,4.11,5.01,1.370,1.286
394,Jay,Jackson,3.74,21.66,12,21,4.05,3.86,1.250,1.524
395,Josh,James,5.40,5,2,5,3.77,2.54,1.200,1.400
396,Mickey,Jannis,18.90,3.33,4,10,17.87,8.80,3.600,4.204
397,Kenley,Jansen,2.22,69,36,40,3.08,3.72,1.040,1.101
398,Cristian,Javier,3.55,101.33,53,100,4.43,3.93,1.180,1.510
399,Griffin,Jax,6.37,82,29,114,6.47,5.11,1.350,1.744
400,Daulton,Jefferies,3.60,15,4,16,3.97,4.94,1.000,1.333
401,Jake,Jewell,9.90,10,5,13,9.17,4.51,2.300,1.800
402,Joe,Jimenez,5.96,45.33,35,37,5.22,4.74,1.520,1.588
403,Pierce,Johnson,3.22,58.66,27,49,3.31,3.42,1.260,1.296
404,DJ,Johnson,2.08,4.33,0,5,3.86,1.78,0.460,1.155
405,Damon,Jones,0.00,0.33,2,0,21.17,16.89,9.000,6.061
406,Nate,Jones,5.68,19,12,27,8.54,5.69,1.470,2.053
407,Jakob,Junis,5.26,39.33,12,49,4.31,3.90,1.400,1.551
408,Janson,Junk,3.86,16.33,2,20,6.29,4.90,1.350,1.347
409,James,Kaprielian,4.07,119.1,41,141,4.33,4.22,1.220,1.528
410,James,Karinchak,4.07,55.33,32,50,4.31,3.57,1.210,1.482
411,Anthony,Kay,5.61,33.2,18,31,5.43,4.25,1.660,1.476
412,Scott,Kazmir,6.35,11.33,6,19,6.43,5.10,1.850,2.207
413,Keone,Kela,5.06,10.66,3,13,5.23,3.27,1.310,1.501
414,Brad,Keller,5.39,133.66,64,187,4.72,4.84,1.660,1.878
415,Kyle,Keller,6.48,33.33,22,33,6.95,4.87,1.560,1.650
416,Mitch,Keller,6.17,100.66,49,153,4.30,4.98,1.790,2.007
417,Merrill,Kelly,4.44,158,41,194,4.11,4.43,1.290,1.487
418,Joe,Kelly,2.86,44,15,39,3.08,3.09,0.980,1.227
419,Ian,Kennedy,3.20,56.33,17,66,4.75,3.71,1.100,1.473
420,Clayton,Kershaw,3.55,121.66,21,118,3.00,3.10,1.020,1.143
421,Dallas,Keuchel,5.28,162,59,222,5.23,5.01,1.530,1.735
422,Mike,Kickham,13.50,2,1,5,10.67,4.64,3.000,3.000
423,Yusei,Kikuchi,4.41,157,62,205,4.61,4.16,1.320,1.701
424,Kwang-hyun,Kim,3.46,106.66,39,118,4.34,4.85,1.280,1.472
425,Craig,Kimbrel,2.26,59.66,23,43,2.43,2.23,0.910,1.106
426,John,King,3.52,46,12,54,3.32,3.42,1.150,1.435
427,Michael,King,3.55,63.33,24,79,3.86,4.11,1.280,1.626
428,Tyler,Kinley,4.73,70.33,26,70,4.65,4.05,1.210,1.365
429,Brandon,Kintzler,6.37,29.66,8,53,5.66,3.85,1.790,2.057
430,Andrew,Kittredge,1.88,71.66,15,69,3.04,2.95,0.980,1.172
431,Gabe,Klobosits,5.56,11.33,5,20,3.88,5.93,1.590,2.207
432,Corey,Kluber,3.83,80,33,76,3.85,4.37,1.340,1.362
433,Andrew,Knapp,0.00,0.1,0,0,3.17,-0.97,0.000,0.000
434,Corey,Knebel,2.45,25.66,9,17,2.90,3.33,0.970,1.013
435,Reiss,Knehr,4.97,29,20,41,4.96,6.21,1.480,2.103
436,Dusten,Knight,9.35,8.66,5,10,3.86,4.12,1.850,1.732
437,Brody,Koerner,3.00,3,2,3,5.50,6.69,1.330,1.667
438,Adam,Kolarek,8.00,9,5,14,7.17,4.93,2.220,2.111
439,Michael,Kopech,3.50,69.33,24,53,2.97,2.70,1.130,1.111
440,Jackson,Kowar,11.27,30.33,20,54,6.43,5.46,2.080,2.440
441,Max,Kranick,6.28,38.66,19,42,4.64,5.36,1.710,1.578
442,Joey,Krehbiel,4.32,8.33,5,6,4.85,4.89,1.200,1.321
443,Dean,Kremer,7.55,53.66,25,78,6.99,5.26,1.640,1.919
444,Brooks,Kriske,14.29,11.33,6,18,11.11,4.90,2.030,2.118
445,Ian,Krol,4.34,18.2,8,20,3.92,4.23,1.660,1.538
446,Chad,Kuhl,4.82,80.33,42,83,5.31,4.89,1.430,1.556
447,Brady,Lail,13.50,2,0,2,8.67,5.34,2.000,1.000
448,Travis,Lakins Sr.,5.79,28,17,26,5.24,5.15,1.430,1.536
449,Jimmy,Lambert,6.23,13,6,18,6.48,5.73,1.690,1.846
450,Peter,Lambert,11.12,5.66,2,10,7.76,5.40,2.470,2.120
451,Dinelson,Lamet,4.40,47,22,44,3.94,4.00,1.490,1.404
452,Alex,Lange,4.04,35.66,16,55,4.40,3.95,1.490,1.991
453,Jake,Latz,5.79,4.66,0,8,9.81,4.59,1.070,1.717
454,Eric,Lauer,3.19,118.66,41,121,4.04,4.24,1.140,1.365
455,Derek,Law,4.20,15,8,19,4.64,4.60,1.600,1.800
456,Justin,Lawrence,8.64,16.66,19,21,4.55,6.29,2.400,2.401
457,Wade,LeBlanc,4.41,49,17,62,5.39,5.47,1.490,1.612
458,Dylan,Lee,9.00,2,0,3,6.67,2.09,1.500,1.500
459,Sandy,Leon,7.50,6,1,12,9.50,5.73,1.330,2.167
460,Dominic,Leone,1.51,53.66,22,58,3.08,4.19,1.100,1.491
461,Jon,Lester,4.71,141.33,55,178,5.41,5.34,1.510,1.649
462,Josh,Lindblom,9.72,16.66,10,26,7.37,4.96,1.980,2.161
463,Zack,Littell,2.92,61.66,24,75,3.87,3.85,1.140,1.606
464,Mauricio,Llovera,9.45,6.66,4,10,13.07,5.08,2.100,2.102
465,Jonathan,Loaisiga,2.17,70.66,16,47,2.58,3.01,1.020,0.892
466,Kyle,Lobstein,20.25,1.33,1,2,13.67,5.65,3.000,2.256
467,Sammy,Long,5.53,40.66,15,44,4.23,4.40,1.280,1.451
468,Reynaldo,Lopez,3.43,57.66,13,58,4.19,3.74,0.950,1.231
469,Yoan,Lopez,6.57,12.33,6,16,5.68,4.27,1.950,1.784
470,Pablo,Lopez,3.07,102.66,26,90,3.29,3.49,1.120,1.130
471,Jorge,Lopez,6.07,121.66,56,164,5.20,4.65,1.630,1.808
472,Michael,Lorenzen,5.59,29,14,38,4.17,4.98,1.380,1.793
473,Aaron,Loup,0.95,56.66,16,52,2.45,3.32,0.940,1.200
474,Richard,Lovelady,3.48,20.66,6,21,3.85,3.10,1.060,1.307
475,Zac,Lowther,6.67,29.66,13,48,5.50,4.50,1.650,2.057
476,Joey,Lucchesi,4.46,38.33,11,40,3.40,3.79,1.170,1.331
477,Lucas,Luetge,2.74,72.33,15,64,2.84,3.27,1.130,1.092
478,Seth,Lugo,3.50,46.33,19,46,3.77,3.54,1.290,1.403
479,Jordan,Luplow,9.00,1,0,2,16.17,9.40,2.000,2.000
480,Jesus,Luzardo,6.61,95.33,48,112,5.48,4.72,1.620,1.678
481,Jordan,Lyles,5.15,180,56,233,5.34,4.70,1.390,1.606
482,Daniel,Lynch,5.69,68,31,98,4.82,5.19,1.630,1.897
483,Lance,Lynn,2.69,157,45,144,3.32,3.72,1.070,1.204
484,Andres,Machado,3.53,35.66,15,38,4.63,4.51,1.260,1.486
485,Luis,Madero,9.00,12,8,17,8.00,7.74,1.750,2.083
486,Kenta,Maeda,4.66,106.33,32,109,4.10,3.98,1.300,1.326
487,Tyler,Mahle,3.75,180,64,161,3.80,3.82,1.230,1.250
488,Luke,Maile,9.00,1,0,1,16.17,5.59,2.000,1.000
489,Sean,Manaea,3.91,179.33,41,210,3.66,3.68,1.230,1.400
490,Matt,Manning,5.80,85.33,33,122,4.62,5.27,1.510,1.816
491,Alek,Manoah,3.22,111.66,40,86,3.80,3.88,1.050,1.128
492,Joe,Mantiply,3.40,39.66,17,44,2.94,4.15,1.560,1.538
493,Dillon,Maples,2.59,31.33,25,28,4.61,4.65,1.280,1.692
494,Nick,Margevicius,8.25,12,7,17,5.34,4.99,1.670,2.000
495,German,Marquez,4.40,180,64,199,3.86,4.07,1.270,1.461
496,Evan,Marshall,5.60,27.33,9,26,4.63,3.95,1.350,1.281
497,Jose,Marte,9.00,4,3,5,6.17,4.58,1.750,2.000
498,Brett,Martin,3.18,62.33,14,70,3.54,3.88,1.300,1.348
499,Chris,Martin,3.95,43.33,6,60,3.47,3.75,1.270,1.523
500,Corbin,Martin,10.69,16,14,30,8.42,6.38,2.310,2.750
501,Carlos,Martinez,6.23,82.1,36,110,4.76,5.18,1.370,1.778
502,Seth,Martinez,15.00,3,3,5,4.17,6.08,2.670,2.667
503,Wyatt,Mathisen,0.00,1,0,2,3.17,7.13,1.000,2.000
504,Phil,Maton,4.73,66.66,32,57,3.50,3.67,1.460,1.335
505,Nick,Maton,0.00,0.33,0,0,-2.83,-0.12,0.000,0.000
506,Isaac,Mattson,6.23,4.33,5,7,5.25,7.60,2.310,2.771
507,Steven,Matz,3.82,150.66,43,172,3.79,4.12,1.330,1.427
508,Tyler,Matzek,2.57,63,37,56,3.20,4.04,1.220,1.476
509,Trevor,May,3.59,62.66,24,54,3.74,3.22,1.260,1.245
510,Dustin,May,2.74,23,6,20,3.30,2.44,0.960,1.130
511,Mike,Mayers,3.84,75,26,82,3.84,3.39,1.290,1.440
512,Jack,Mayfield,0.00,0.33,0,0,3.17,-0.97,0.000,0.000
513,Tim,Mayza,3.40,53,12,45,3.09,2.81,0.980,1.075
514,Chris,Mazza,4.61,27.33,7,23,4.05,4.34,1.210,1.098
515,Darren,McCaughan,8.00,9,4,12,8.73,6.49,1.330,1.778
516,Shane,McClanahan,3.43,123.33,37,153,3.31,3.62,1.270,1.541
517,Lance,McCullers Jr.,3.16,162.33,76,167,3.52,4.02,1.220,1.497
518,T.J.,McFarland,2.56,38.66,9,51,3.79,3.85,1.060,1.552
519,Jake,McGee,2.72,59.66,10,78,3.35,3.46,0.910,1.475
520,Kyle,McGowin,4.20,30,14,25,4.60,3.87,1.170,1.300
521,Collin,McHugh,1.55,64,12,46,2.12,2.87,0.940,0.906
522,Triston,McKenzie,4.95,120,58,125,4.70,4.36,1.180,1.525
523,Alex,McRae,4.50,2,1,4,3.67,5.87,2.000,2.500
524,John,Means,3.62,146.66,26,160,4.62,4.10,1.030,1.268
525,Nick,Mears,5.01,23.33,13,21,5.66,4.65,1.630,1.457
526,Adonis,Medina,3.52,7.66,4,10,4.34,4.90,1.700,1.828
527,Trevor,Megill,8.37,23.66,8,35,5.62,3.47,1.860,1.817
528,Tylor,Megill,4.52,89.66,27,105,4.69,3.85,1.280,1.472
529,Ryan,Meisinger,12.27,7.33,5,11,7.12,5.49,2.180,2.183
530,Humberto,Mejia,7.25,22.33,9,26,5.50,4.93,1.840,1.567
531,Francisco,Mejia,27.00,2,0,4,12.67,6.06,3.000,2.000
532,JC,Mejia,8.25,52.33,24,75,6.15,4.75,1.610,1.892
533,Mark,Melancon,2.23,64.66,25,65,3.36,3.70,1.220,1.392
534,Keury,Mella,32.40,1.66,2,4,19.97,6.27,6.000,3.614
535,Danny,Mendick,0.00,1,0,1,4.17,3.06,1.000,1.000
536,Conner,Menez,3.86,14,3,16,3.53,2.80,1.360,1.357
537,Yermin,Mercedes,9.00,1,2,2,9.17,11.03,5.000,4.000
538,Julian,Merryweather,4.85,13,4,18,6.48,4.04,1.310,1.692
539,Keynan,Middleton,4.94,31,19,30,4.49,5.53,1.580,1.581
540,Miles,Mikolas,4.23,44.66,11,52,4.40,4.55,1.210,1.411
541,Wade,Miley,3.37,163,50,174,3.97,4.52,1.330,1.374
542,Shelby,Miller,9.24,12.66,11,16,7.83,6.65,2.130,2.133
543,Justin,Miller,6.16,19,6,27,6.49,4.94,1.370,1.737
544,Andrew,Miller,4.75,36,16,38,4.50,3.97,1.580,1.500
545,Alec,Mills,5.07,119,34,152,4.49,4.50,1.440,1.563
546,Wyatt,Mills,9.95,12.66,7,16,4.35,4.54,2.050,1.817
547,Hoby,Milner,5.40,21.2,3,28,5.89,2.73,1.520,1.462
548,Tommy,Milone,6.43,14,3,18,4.17,3.21,1.640,1.500
549,Juan,Minaya,2.48,40,20,42,3.97,4.00,1.180,1.550
550,Mike,Minor,5.05,158.66,41,169,4.29,4.20,1.240,1.324
551,A.J.,Minter,3.78,52.33,20,50,2.69,3.69,1.220,1.338
552,Anthony,Misiewicz,4.61,54.2,15,75,3.77,3.76,1.390,1.661
553,Bryan,Mitchell,4.50,4,2,5,2.67,4.18,1.750,1.750
554,Casey,Mize,3.71,150.33,41,176,4.71,4.45,1.140,1.443
555,Sam,Moll,3.48,10.33,5,11,4.91,4.93,1.260,1.549
556,Frankie,Montas,3.37,187,57,214,3.37,3.79,1.180,1.449
557,Rafael,Montero,6.39,49.1,17,55,3.86,4.06,1.540,1.466
558,Jordan,Montgomery,3.83,157.33,51,163,3.69,4.07,1.280,1.360
559,Matt,Moore,6.29,73,38,88,5.76,5.16,1.590,1.726
560,Jovani,Moran,7.88,8,7,3,3.30,4.92,2.000,1.250
561,Adrian,Morejon,3.86,4.66,2,6,8.74,4.94,1.500,1.717
562,Mitch,Moreland,0.00,1,0,0,1.17,6.47,1.000,0.000
563,Dauri,Moreta,2.45,3.66,1,3,5.35,4.03,0.820,1.093
564,Eli,Morgan,5.34,89.33,22,115,5.14,4.51,1.250,1.534
565,Adam,Morgan,4.26,25.33,12,27,5.58,3.97,1.340,1.540
566,Shawn,Morimando,9.58,10.33,5,14,5.40,4.87,2.230,1.839
567,Reyes,Moronta,2.25,4,0,2,5.42,3.93,0.250,0.500
568,Charlie,Morton,3.34,185.66,58,151,3.18,3.53,1.040,1.126
569,Kyle,Muller,4.17,36.66,20,40,3.66,4.85,1.250,1.637
570,Andres,Munoz,0.00,0.66,2,1,9.17,13.09,3.000,4.545
571,Patrick,Murphy,5.14,28,10,39,3.99,3.76,1.460,1.750
572,Joe,Musgrove,3.18,181.33,54,182,3.70,3.69,1.080,1.301
573,Tommy,Nance,7.22,28.66,13,34,5.02,3.81,1.330,1.640
574,Packy,Naughton,6.35,22.66,14,31,5.82,5.94,1.810,1.986
575,Nick,Neidert,4.54,35.66,23,39,5.81,6.47,1.510,1.739
576,Nick,Nelson,8.79,14.33,16,16,4.08,5.23,2.160,2.233
577,Kyle,Nelson,9.31,9.66,8,7,4.62,5.92,1.860,1.553
578,Jimmy,Nelson,1.86,29,13,17,1.89,2.81,0.930,1.034
579,Hector,Neris,3.63,74.33,32,62,4.08,3.27,1.170,1.265
580,Jake,Newberry,16.62,4.33,3,6,8.94,4.75,3.000,2.079
581,Sean,Newcomb,4.73,32.33,27,27,3.60,4.72,1.700,1.670
582,Ljay,Newsome,7.98,14.66,3,23,6.03,3.69,1.570,1.774
583,Vinny,Nittoli,18.00,1,2,3,20.17,9.51,3.000,5.000
584,Stephen,Nogosek,6.00,3,0,2,8.50,1.53,1.000,0.667
585,John,Nogowski,15.00,3,0,5,3.17,4.30,2.670,1.667
586,Aaron,Nola,4.63,180.66,39,178,3.37,3.26,1.130,1.201
587,Sean,Nolin,4.39,26.66,13,36,5.31,5.36,1.690,1.838
588,Daniel,Norris,6.16,57,30,71,4.87,4.32,1.490,1.772
589,Aaron,Northcraft,2.25,8,8,13,6.55,7.15,1.630,2.625
590,James,Norwood,0.00,5,3,7,3.77,5.65,1.800,2.000
591,Darien,Nunez,8.22,7.66,4,7,7.74,4.44,1.570,1.436
592,Riley,O'Brien,13.50,1.33,3,2,26.42,8.95,3.750,3.759
593,Darren,O'Day,3.38,10.66,4,12,4.95,4.09,1.220,1.501
594,Bailey,Ober,4.19,92.33,19,110,4.56,3.82,1.200,1.397
595,Jake,Odorizzi,4.21,104.66,34,123,4.48,4.62,1.250,1.500
596,Shohei,Ohtani,3.18,130.33,44,129,3.52,3.61,1.090,1.327
597,Steven,Okert,2.75,36,15,30,4.34,3.78,1.030,1.250
598,Kaleb,Ort,0.00,0.33,1,1,12.17,12.75,6.000,6.061
599,Oliver,Ortega,4.82,9.33,2,17,4.67,3.78,1.500,2.036
600,Josh,Osich,5.02,14.33,5,16,6.59,4.49,1.400,1.465
601,Corey,Oswalt,3.48,10.33,2,14,3.07,3.92,1.350,1.549
602,Adam,Ottavino,4.21,62,35,48,3.96,4.23,1.450,1.339
603,Glenn,Otto,9.26,23.33,8,27,3.17,3.82,1.710,1.500
604,Connor,Overton,4.70,15.33,5,17,3.89,4.06,1.240,1.435
605,Luis,Oviedo,8.80,29.66,26,37,5.66,5.52,1.990,2.124
606,Johan,Oviedo,4.91,62.33,37,68,5.27,5.39,1.570,1.685
607,Chris,Paddack,5.07,108.33,22,144,3.78,4.05,1.260,1.532
608,Emilio,Pagan,4.83,63.33,18,79,5.22,3.93,1.170,1.532
609,Enoli,Paredes,6.23,8.66,17,10,6.29,7.62,2.770,3.118
610,Blake,Parker,3.09,43.66,14,42,4.06,4.26,1.310,1.283
611,Luis,Patino,4.31,77.33,29,91,4.51,4.61,1.270,1.552
612,Spencer,Patton,3.83,42.33,15,31,3.19,3.47,1.200,1.087
613,David,Paulino,9.00,2,0,3,9.67,7.00,1.500,1.500
614,James,Paxton,6.75,1.33,1,0,2.42,4.16,0.750,0.752
615,Joel,Payamps,3.40,50.33,14,45,4.10,4.33,1.150,1.172
616,Brad,Peacock,15.19,5.33,3,10,9.17,6.54,1.690,2.439
617,Matt,Peacock,4.90,86.33,28,141,4.98,4.49,1.560,1.958
618,Nate,Pearson,4.20,15,12,18,4.64,4.65,1.730,2.000
619,Elvis,Peguero,27.00,2.33,3,4,8.31,8.46,4.290,3.004
620,Felix,Pena,37.80,1.66,4,3,7.97,8.12,6.600,4.217
621,Wandy,Peralta,3.35,51,21,45,4.31,4.06,1.370,1.294
622,Freddy,Peralta,2.81,144.33,56,99,3.12,3.40,0.970,1.074
623,Wily,Peralta,3.07,93.66,38,115,4.94,5.27,1.330,1.634
624,David,Peralta,27.00,1,0,5,17.17,4.64,4.000,5.000
625,Angel,Perdomo,6.35,17,16,14,6.11,4.39,1.650,1.765
626,Cionel,Perez,6.38,24,20,28,6.30,5.38,1.710,2.000
627,Francisco,Perez,4.05,6.66,3,9,3.02,5.00,1.350,1.802
628,Hernan,Perez,0.00,2,0,0,1.17,3.82,0.500,0.000
629,Martin,Perez,4.74,114,36,154,4.82,4.52,1.510,1.667
630,Oliver,Perez,0.00,3.66,1,5,1.81,3.32,1.640,1.639
631,Dillon,Peters,3.71,26.66,10,34,3.66,4.63,1.350,1.650
632,David,Peterson,5.54,66.66,29,77,4.78,4.27,1.400,1.590
633,Jace,Peterson,9.00,2,1,1,2.67,4.03,2.500,1.000
634,Yusmeiro,Petit,3.92,78,12,77,4.72,4.99,1.040,1.141
635,Jake,Petricka,15.00,6,7,12,6.67,5.74,2.170,3.167
636,David,Phelps,0.87,10.33,4,8,1.72,2.82,1.160,1.162
637,Evan,Phillips,3.38,13.33,5,16,3.85,4.10,1.200,1.575
638,Brett,Phillips,9.00,1,2,0,9.17,10.10,4.000,2.000
639,Kevin,Pillar,0.00,0.33,0,0,3.17,13.47,0.000,0.000
640,Michael,Pineda,3.62,109.33,21,160,4.21,4.36,1.230,1.656
641,Nick,Pivetta,4.53,155,65,167,4.28,4.15,1.300,1.497
642,Kevin,Plawecki,0.00,1,0,1,3.17,6.25,0.000,1.000
643,Zach,Plesac,4.67,142.66,34,197,4.73,4.73,1.200,1.619
644,Adam,Plutko,6.71,56.33,27,72,7.13,5.23,1.630,1.758
645,Drew,Pomeranz,1.75,25.66,10,24,3.01,3.34,1.130,1.325
646,Cody,Ponce,7.04,38.33,11,50,4.94,4.06,1.750,1.591
647,Daniel,Ponce de Leon,6.21,33.33,22,40,6.11,5.89,1.620,1.860
648,Zach,Pop,4.12,54.66,24,54,3.77,4.04,1.430,1.427
649,Sean,Poppen,5.16,22.66,9,35,3.61,3.62,1.760,1.942
650,Cody,Poteet,4.99,30.66,16,36,5.62,4.78,1.340,1.696
651,Ryan,Pressly,2.25,64,13,63,2.06,2.42,0.970,1.188
652,David,Price,4.03,73.66,26,83,4.23,4.52,1.430,1.480
653,Austin,Pruitt,3.68,7.33,0,11,5.76,3.97,0.950,1.501
654,A.J.,Puk,6.08,13.33,6,21,3.32,3.59,1.800,2.026
655,Kevin,Quackenbush,27.00,0.33,0,2,-2.83,1.21,9.000,6.061
656,Cal,Quantrill,2.89,149.66,47,150,4.07,4.52,1.180,1.316
657,Jose,Quijada,4.56,25.66,15,27,3.09,3.44,1.360,1.637
658,Jose,Quintana,6.43,63,35,80,4.66,3.94,1.730,1.825
659,Tanner,Rainey,7.39,31.66,25,38,5.63,4.78,1.710,1.990
660,Brooks,Raley,4.78,49,16,26,3.27,2.91,1.200,0.857
661,Noe,Ramirez,3.00,36,12,29,3.89,4.60,0.970,1.139
662,Roel,Ramirez,81.00,0.33,2,2,21.17,16.58,9.000,12.121
663,Nick,Ramirez,5.75,20.33,7,24,4.10,4.63,1.480,1.525
664,Yefry,Ramirez,0.00,2,1,2,2.67,3.53,0.500,1.500
665,Yohan,Ramirez,3.90,27.66,12,19,5.09,3.48,1.080,1.121
666,Erasmo,Ramirez,5.74,26.66,5,33,4.30,4.24,1.090,1.425
667,AJ,Ramos,0.00,4.66,2,2,3.17,5.36,0.430,0.858
668,Drew,Rasmussen,2.84,76,25,105,3.09,3.92,1.080,1.711
669,Robbie,Ray,2.84,193.33,52,201,3.69,3.21,1.040,1.309
670,Colin,Rea,7.50,6,0,10,5.84,4.37,1.170,1.667
671,Josh,Reddick,13.50,0.66,1,2,27.17,8.99,4.500,4.545
672,Cody,Reed,3.72,9.66,6,9,5.24,5.36,1.450,1.553
673,Jake,Reed,3.60,10,2,11,3.07,3.53,1.200,1.300
674,Sean,Reid-Foley,5.23,20.66,9,28,3.85,3.58,1.500,1.791
675,Alex,Reyes,3.24,72.33,52,58,4.40,4.33,1.350,1.521
676,Garrett,Richards,4.87,136.66,60,206,4.72,4.83,1.600,1.946
677,Trevor,Richards,3.50,64.33,22,69,4.20,3.28,0.960,1.415
678,Stephen,Ridings,1.80,5,2,5,1.57,2.90,1.200,1.400
679,Yacksel,Rios,4.28,27.33,16,32,4.89,5.10,1.240,1.756
680,Anthony,Rizzo,0.00,0.66,1,0,4.67,7.10,1.500,1.515
681,Tanner,Roark,6.43,7,2,12,8.17,4.81,1.290,2.000
682,David,Robertson,4.50,12,4,14,3.67,2.98,1.250,1.500
683,Daniel,Robertson,0.00,1,0,2,3.17,6.25,1.000,2.000
684,Hansel,Robles,4.43,69,37,85,4.30,4.21,1.380,1.768
685,Carlos,Rodon,2.37,132.66,36,110,2.65,2.96,0.960,1.101
686,Joely,Rodriguez,4.66,46.33,18,49,3.43,3.58,1.530,1.446
687,Nivaldo,Rodriguez,2.45,7.33,4,11,8.76,5.80,1.090,2.046
688,Chris,Rodriguez,3.64,29.66,15,31,3.14,4.29,1.450,1.551
689,Jefry,Rodriguez,5.92,24.33,17,30,6.95,5.72,1.730,1.932
690,Eduardo,Rodriguez,4.74,157.66,47,148,3.32,3.65,1.390,1.237
691,Manuel,Rodriguez,6.11,17.66,12,20,5.77,5.04,1.700,1.812
692,Richard,Rodriguez,2.94,64.33,10,87,4.04,4.66,0.930,1.508
693,Chaz,Roe,27.00,0.66,1,1,1.67,4.01,3.000,3.030
694,Josh,Rogers,3.28,35.66,14,47,5.83,5.78,1.290,1.711
695,Trevor,Rogers,2.64,133,46,124,2.55,3.72,1.150,1.278
696,Tyler,Rogers,2.22,81,13,81,3.28,3.66,1.070,1.160
697,Taylor,Rogers,3.35,40.33,8,36,2.13,2.20,1.140,1.091
698,Jake,Rogers,18.00,1,1,2,6.17,8.39,3.000,3.000
699,Sal,Romano,6.12,25,11,37,5.85,5.21,1.680,1.920
700,Jordan,Romano,2.14,63,25,47,3.15,3.02,1.050,1.143
701,JoJo,Romero,7.00,9,4,10,8.84,4.26,1.780,1.556
702,Jhon,Romero,4.50,4,0,5,1.67,3.89,1.250,1.250
703,Andrew,Romine,9.00,1,0,2,14.17,3.96,2.000,2.000
704,Sergio,Romo,4.67,61.66,21,41,4.24,3.98,1.250,1.006
705,Angel,Rondon,0.00,2,1,1,3.67,6.55,1.000,1.000
706,Joe,Ross,4.17,108,34,114,4.36,4.10,1.220,1.370
707,Zac,Rosscup,3.00,3,1,4,6.84,2.89,1.330,1.667
708,Ramon,Rosso,5.63,8,3,10,5.80,4.14,1.630,1.625
709,Ben,Rowen,5.56,11.33,2,11,6.26,4.42,1.240,1.147
710,Michael,Rucker,6.99,28.33,11,38,4.72,3.86,1.520,1.730
711,Darin,Ruf,18.00,1,0,3,3.17,8.63,3.000,3.000
712,Jose,Ruiz,3.05,65,25,90,3.99,4.04,1.170,1.769
713,Kyle,Ryan,6.75,13.33,6,25,6.25,4.60,1.730,2.326
714,Joe,Ryan,4.05,26.66,5,19,3.43,3.42,0.790,0.900
715,Hyun-Jin,Ryu,4.37,169,37,216,4.02,4.17,1.220,1.497
716,Casey,Sadler,0.67,40.33,10,30,2.48,3.06,0.720,0.992
717,Chris,Sale,3.16,42.66,12,37,3.69,3.44,1.340,1.149
718,Adrian,Sampson,2.80,35.33,8,44,5.72,4.29,1.080,1.472
719,Cristopher,Sanchez,4.97,12.66,7,13,3.80,4.08,1.820,1.580
720,Aaron,Sanchez,3.06,35.33,15,40,4.05,4.96,1.330,1.557
721,Miguel,Sanchez,4.15,26,14,31,5.25,4.83,1.580,1.731
722,Nick,Sandlin,2.94,33.66,17,19,2.96,3.27,1.130,1.070
723,Patrick,Sandoval,3.62,87,36,81,4.03,4.03,1.210,1.345
724,Reiver,Sanmartin,1.54,11.66,2,12,1.80,3.69,1.200,1.201
725,Ervin,Santana,4.68,65.33,22,88,4.47,4.52,1.330,1.684
726,Edgar,Santana,3.59,42.66,12,50,4.60,4.06,1.150,1.453
727,Dennis,Santana,4.28,54.66,32,55,4.36,4.93,1.460,1.592
728,Hector,Santiago,3.42,26.33,11,29,3.13,3.82,1.440,1.519
729,Tony,Santillan,2.91,43.33,21,40,4.62,3.77,1.270,1.408
730,Antonio,Santos,4.76,11.33,5,9,3.88,4.41,1.240,1.236
731,Gregory,Santos,22.50,2,2,6,22.67,5.12,3.500,4.000
732,Tayler,Saucedo,4.56,25.66,10,28,3.60,4.15,1.250,1.481
733,Hirokazu,Sawamura,3.06,53,32,58,5.00,4.25,1.450,1.698
734,Josh,Sborz,3.97,59,32,65,4.00,4.06,1.420,1.644
735,Mac,Sceroler,14.09,7.66,7,15,13.60,4.97,2.870,2.872
736,Max,Scherzer,2.46,179.1,36,141,2.97,2.90,0.860,0.988
737,Clarke,Schmidt,5.68,6.33,5,6,6.17,5.18,2.530,1.738
738,John,Schreiber,3.00,3,1,4,0.84,2.22,1.670,1.667
739,Max,Schrock,0.00,1.66,0,2,1.97,5.87,0.000,1.205
740,Tanner,Scott,5.17,54,37,49,4.41,4.17,1.570,1.593
741,Andre,Scrubb,5.03,19.66,14,19,6.48,5.02,1.470,1.679
742,Connor,Seabold,6.00,3,2,7,9.50,8.76,1.670,3.000
743,Sam,Selman,5.76,25,12,19,5.25,5.34,1.280,1.240
744,Antonio,Senzatela,4.42,156.66,32,224,3.61,4.44,1.340,1.634
745,Luis,Severino,0.00,6,1,4,1.50,2.19,0.500,0.833
746,Paul,Sewald,3.06,64.66,24,54,3.08,2.48,1.020,1.206
747,Bryan,Shaw,3.49,77.1,38,86,4.53,4.46,1.380,1.608
748,Justus,Sheffield,6.83,80.33,43,129,5.66,5.35,1.840,2.141
749,Jordan,Sheffield,3.38,29.33,13,31,4.23,5.02,1.090,1.500
750,Jimmie,Sherfy,4.20,15,4,11,5.37,4.23,1.070,1.000
751,Ryan,Sherriff,5.52,14.66,9,12,3.65,4.55,1.570,1.432
752,Matt,Shoemaker,8.06,60.1,27,86,6.57,5.43,1.660,1.880
753,Chasen,Shreve,3.20,56.33,28,49,4.73,4.93,1.260,1.367
754,Lucas,Sims,4.40,47,18,34,3.00,2.50,1.110,1.106
755,Brady,Singer,4.91,128.33,53,147,4.04,4.30,1.550,1.558
756,Brandyn,Sittinger,7.71,4.66,2,12,13.03,7.43,1.500,3.004
757,Tarik,Skubal,4.34,149.33,47,188,5.09,3.92,1.260,1.574
758,Austin,Slater,0.00,0.33,1,0,12.17,18.13,3.000,3.030
759,Aaron,Slegers,6.97,31,15,44,5.62,4.44,1.870,1.903
760,Devin,Smeltzer,0.00,4.66,1,5,3.81,4.35,0.430,1.288
761,Caleb,Smith,4.83,113.66,63,89,5.10,4.68,1.370,1.337
762,Joe,Smith,4.99,39.66,8,45,3.93,3.82,1.390,1.336
763,Drew,Smith,2.40,41.33,16,43,4.69,4.02,1.060,1.428
764,Will,Smith,3.44,68,28,67,4.17,3.39,1.130,1.397
765,Riley,Smith,6.01,67.33,15,101,4.88,5.03,1.500,1.723
766,Burch,Smith,5.40,43.33,11,62,4.21,4.74,1.380,1.685
767,Drew,Smyly,4.48,126.66,41,149,5.11,4.41,1.370,1.500
768,Kirby,Snead,2.35,7.66,2,8,2.52,3.62,1.170,1.305
769,Blake,Snell,4.20,128.66,69,126,3.82,4.02,1.320,1.516
770,Nicklaus,Snyder,4.91,3.66,3,4,5.08,7.31,1.640,1.913
771,Eric,Sogard,6.23,4.33,0,8,9.40,7.03,1.620,1.848
772,Peter,Solomon,1.29,14,8,15,3.46,5.13,1.290,1.643
773,Joakim,Soria,5.06,37.33,12,41,4.16,3.71,1.370,1.420
774,Gregory,Soto,3.39,63.66,40,57,4.14,4.27,1.350,1.524
775,Gabe,Speier,1.17,7.66,0,5,2.26,3.85,1.300,0.653
776,Shea,Spitzbarth,3.60,5,2,5,7.17,8.60,1.200,1.400
777,Jeffrey,Springs,3.43,44.66,14,35,3.91,2.66,1.100,1.097
778,Craig,Stammen,3.06,88.33,13,92,3.75,3.14,1.040,1.189
779,Ryne,Stanek,3.42,68.33,37,72,4.11,3.97,1.210,1.595
780,Cody,Stashak,6.89,15.66,10,16,3.62,3.44,1.660,1.660
781,Josh,Staumont,2.88,65.66,27,74,3.49,3.76,1.070,1.538
782,Drew,Steckenrider,2.00,67.66,17,71,3.35,3.93,1.020,1.301
783,Justin,Steele,4.26,57,27,55,5.52,4.34,1.350,1.439
784,Trevor,Stephan,4.41,63.33,31,74,5.49,3.96,1.410,1.658
785,Robert,Stephenson,3.13,46,18,46,3.63,3.69,1.300,1.391
786,Kohl,Stewart,5.27,13.66,6,22,5.22,4.83,1.680,2.050
787,Jonathan,Stiever,27.00,0,0,0,3.17,NaN,4.000,NaN
788,Robert,Stock,8.00,9,9,11,8.84,6.45,2.110,2.222
789,Matt,Strahm,8.10,6.66,1,11,2.42,4.35,2.400,1.802
790,Stephen,Strasburg,4.57,21.66,14,27,5.71,5.32,1.380,1.893
791,Chris,Stratton,3.63,79.33,33,80,3.76,3.86,1.300,1.424
792,Hunter,Strickland,2.61,58.66,22,47,4.19,4.06,1.160,1.176
793,Spencer,Strider,3.86,2.33,1,3,10.03,8.67,1.290,1.717
794,Ross,Stripling,4.80,101.33,30,122,5.21,4.35,1.270,1.500
795,Marcus,Stroman,3.02,179,44,218,3.49,3.95,1.150,1.464
796,Pedro,Strop,0.00,2,2,1,3.17,4.19,2.000,1.500
797,Ranger,Suarez,1.36,106,33,85,2.72,3.51,1.000,1.113
798,Jose,Suarez,3.75,98.33,36,99,4.12,4.44,1.230,1.373
799,Wander,Suero,6.33,42.66,15,55,5.80,4.00,1.410,1.641
800,Cole,Sulser,2.70,63.33,23,64,2.98,3.45,1.120,1.374
801,Brent,Suter,3.07,73.1,24,76,3.91,3.76,1.310,1.368
802,Erik,Swanson,3.31,35.33,10,29,3.96,3.93,1.080,1.104
803,Anthony,Swarzak,9.49,12.33,1,19,6.41,4.31,1.700,1.622
804,Noah,Syndergaard,9.00,2,0,5,7.67,3.87,1.500,2.500
805,Thomas,Szapucki,14.73,3.66,3,9,10.53,5.22,2.730,3.279
806,Jameson,Taillon,4.30,144.33,44,166,4.43,4.33,1.210,1.455
807,Domingo,Tapia,2.67,33.66,15,40,3.35,4.62,1.190,1.634
808,Stephen,Tarpley,18.00,0,2,0,12.17,NaN,3.000,Infinity
809,Dillon,Tate,4.39,67.66,23,79,4.40,4.11,1.240,1.508
810,Mike,Tauchman,9.00,1,0,3,3.17,6.25,3.000,3.000
811,Josh,Taylor,3.40,47.66,23,55,2.83,3.63,1.430,1.637
812,Blake,Taylor,3.16,42.66,22,36,4.62,4.58,1.410,1.360
813,Julio,Teheran,1.80,5,3,7,6.37,6.32,1.400,2.000
814,Ryan,Tepera,2.79,61.33,19,50,2.73,3.08,0.880,1.125
815,Caleb,Thielbar,3.23,64,20,65,3.47,3.33,1.170,1.328
816,Keegan,Thompson,3.38,53.33,31,68,5.16,4.68,1.480,1.856
817,Mason,Thompson,4.01,24.66,15,35,5.36,4.81,1.910,2.028
818,Ryan,Thompson,2.38,34,9,31,3.11,3.19,1.030,1.176
819,Zach,Thompson,3.24,75,28,74,3.69,4.58,1.210,1.360
820,Trent,Thornton,4.78,49,16,68,5.46,3.77,1.430,1.714
821,Lewis,Thorpe,4.70,15.33,7,25,5.45,5.96,1.370,2.087
822,Ty,Tice,4.50,8,5,9,5.55,5.78,1.880,1.750
823,Jesus,Tinoco,33.75,1.33,1,4,36.92,7.60,4.500,3.759
824,Ka'ai,Tom,0.00,1,0,0,3.17,6.25,1.000,0.000
825,Josh,Tomlin,6.57,49.33,5,67,4.67,4.21,1.500,1.460
826,Justin,Topa,29.70,3.33,1,9,11.27,6.01,3.900,3.003
827,Ronald,Torreyes,13.50,2.66,0,8,12.17,6.14,2.250,3.008
828,Touki,Toussaint,4.50,50,22,68,5.79,4.58,1.300,1.800
829,Blake,Treinen,1.99,72.33,25,47,2.88,3.15,0.980,0.995
830,Lou,Trivino,3.18,73.66,34,69,3.78,4.36,1.250,1.398
831,Nick,Tropeano,2.25,8,3,9,5.42,6.26,1.380,1.500
832,Spencer,Turnbull,2.88,50,12,47,2.95,3.82,0.980,1.180
833,Justin,Turner,0.00,1,0,4,3.17,6.25,2.000,4.000
834,Kyle,Tyler,2.92,12.1,6,12,5.20,5.95,1.140,1.488
835,Edwin,Uceta,6.64,20.33,12,20,4.40,4.25,1.520,1.574
836,Duane,Underwood Jr.,4.33,72.66,27,96,4.27,4.20,1.430,1.693
837,Jose,Urena,5.81,100.66,42,164,5.02,5.06,1.600,2.046
838,Julio,Urias,2.96,185.66,38,153,3.13,3.64,1.020,1.029
839,Jose,Urquidy,3.62,107,19,112,4.14,4.27,0.990,1.224
840,Pat,Valaika,0.00,1.33,0,1,3.17,3.10,0.000,0.752
841,Phillips,Valdez,5.85,40,19,42,4.67,4.29,1.350,1.525
842,Cesar,Valdez,5.87,46,14,64,4.45,3.73,1.650,1.696
843,Framber,Valdez,3.14,134.66,58,168,4.01,3.79,1.250,1.678
844,Andrew,Vasquez,0.00,1.66,0,2,-0.43,-0.31,0.600,1.205
845,Vince,Velasquez,6.30,94.33,49,114,5.88,4.72,1.480,1.728
846,Alex,Vesia,2.25,40,22,29,4.22,3.73,0.980,1.275
847,Will,Vest,6.17,35,18,40,4.17,4.97,1.600,1.657
848,Nick,Vincent,0.71,12.66,5,11,4.20,5.34,0.870,1.264
849,Austin,Voth,5.34,57.33,28,66,4.90,4.28,1.480,1.640
850,Michael,Wacha,5.05,124.66,31,159,4.47,4.00,1.310,1.524
851,Brandon,Waddell,6.75,9.33,9,19,7.35,6.49,2.460,3.001
852,Konner,Wade,11.68,12.33,5,21,5.76,4.61,2.270,2.109
853,Adam,Wainwright,3.05,206.33,50,209,3.66,4.13,1.060,1.255
854,Taijuan,Walker,4.47,159,55,177,4.57,4.42,1.180,1.459
855,Andrew,Wantz,4.94,27.33,11,23,4.30,3.26,1.240,1.244
856,Art,Warren,1.29,21,8,11,1.84,2.31,0.900,0.905
857,Austin,Warren,1.77,20.33,5,23,2.09,3.41,1.030,1.377
858,Spenser,Watkins,8.07,54.66,19,76,6.37,5.42,1.700,1.738
859,Tony,Watson,3.92,57.33,18,49,3.48,4.26,1.010,1.169
860,Ryan,Weathers,5.32,94.66,30,128,5.44,4.70,1.380,1.669
861,Luke,Weaver,4.25,65.66,20,79,4.42,4.29,1.190,1.508
862,Jacob,Webb,4.19,34.33,14,31,4.07,4.28,1.510,1.311
863,Logan,Webb,3.03,148.33,36,153,2.72,3.13,1.110,1.274
864,Tyler,Webb,13.22,16.33,19,20,5.74,6.88,2.510,2.388
865,Ryan,Weber,12.10,9.66,4,16,9.79,4.29,1.970,2.070
866,Jordan,Weems,15.88,5.66,6,10,8.99,5.67,2.120,2.827
867,Patrick,Weigel,4.50,4,4,2,5.67,3.51,2.000,1.500
868,Alexander,Wells,6.75,42.66,16,72,6.33,5.71,1.620,2.063
869,Tyler,Wells,4.11,57,12,60,3.63,3.37,0.910,1.263
870,J.B.,Wendelken,4.33,43.66,22,46,4.09,4.62,1.510,1.557
871,Zack,Wheeler,2.78,213.33,46,156,2.59,3.18,1.010,0.947
872,Mitch,White,3.66,46.66,17,49,3.83,3.83,1.180,1.414
873,Kodi,Whitley,2.49,25.33,12,15,2.97,4.02,1.070,1.066
874,Garrett,Whitlock,1.96,73.33,17,73,2.84,3.06,1.100,1.227
875,Rowan,Wick,4.30,23,14,17,3.17,4.07,1.350,1.348
876,Taylor,Widener,4.35,70.33,37,90,5.56,4.81,1.450,1.806
877,Brad,Wieck,0.00,17,10,13,1.64,3.04,1.180,1.353
878,Stevie,Wilkerson,9.00,1,0,3,16.17,5.59,2.000,3.000
879,Trevor,Williams,4.35,91,31,105,3.88,4.14,1.490,1.495
880,Devin,Williams,2.50,54,28,31,2.82,2.90,1.190,1.093
881,Taylor,Williams,4.63,11.66,8,17,5.31,5.57,1.710,2.144
882,Justin,Wilson,5.29,34,16,37,5.26,4.69,1.410,1.559
883,Bryse,Wilson,5.35,74,22,107,5.49,5.27,1.450,1.743
884,Dan,Winkler,5.22,39.66,30,29,5.74,5.21,1.560,1.488
885,Matt,Wisler,3.70,48.66,11,31,2.96,2.91,1.070,0.863
886,Nick,Wittgren,5.05,62.33,17,91,4.84,3.57,1.250,1.733
887,Asher,Wojciechowski,4.50,4,3,3,7.42,6.26,1.500,1.500
888,Alex,Wood,3.83,138.66,39,153,3.48,3.60,1.180,1.385
889,Hunter,Wood,3.60,5,2,5,4.97,4.72,0.800,1.400
890,Jake,Woodford,3.99,67.66,25,86,4.50,4.88,1.340,1.641
891,Brandon,Woodruff,2.56,179.33,43,145,2.96,3.31,0.960,1.048
892,Brandon,Workman,5.46,28,21,48,5.49,5.42,2.040,2.464
893,Kyle,Wright,9.95,6.33,5,11,9.64,5.92,1.890,2.528
894,Mike,Wright Jr.,5.50,18,11,20,4.84,5.73,1.560,1.722
895,Austin,Wynns,9.00,1,0,3,16.17,8.63,1.000,3.000
896,Miguel,Yajure,8.40,15,7,19,8.50,5.42,1.600,1.733
897,Jordan,Yamamoto,4.05,6.66,2,8,4.07,5.91,1.800,1.502
898,Hyeon-jong,Yang,5.60,35.33,16,50,6.51,5.21,1.640,1.868
899,Ryan,Yarbrough,5.11,155,27,141,4.45,4.45,1.230,1.084
900,Eric,Yardley,6.75,18.66,10,29,6.81,5.91,1.820,2.090
901,Huascar,Ynoa,4.05,91,25,105,3.93,3.62,1.110,1.429
902,Alex,Young,6.58,52,27,69,6.25,4.93,1.770,1.846
903,Daniel,Zamora,6.23,4.33,1,7,5.48,4.25,1.380,1.848
904,Angel,Zerpa,0.00,5,1,4,2.17,4.07,0.800,1.000
905,T.J.,Zeuch,6.60,15,9,28,9.10,6.24,2.000,2.467
906,Kyle,Zimmer,4.83,54,30,56,4.82,4.85,1.410,1.593
907,Jordan,Zimmermann,7.94,5.66,2,11,7.05,6.51,1.760,2.297
908,Bruce,Zimmermann,5.04,64.33,22,91,5.38,4.59,1.510,1.757
909,Tyler,Zuber,6.26,27.33,17,35,6.17,5.09,1.570,1.903
